cluster,cluster_name,Age,alcohol_consumption_per_week,physical_activity_minutes_per_week,diet_score,sleep_hours_per_day,screen_time_hours_per_day,bmi,waist_to_hip_ratio,systolic_bp,diastolic_bp,cholesterol_total,hdl_cholesterol,ldl_cholesterol,triglycerides,glucose_fasting,glucose_postprandial,insulin_level,hba1c
0,cardiometabolic risk profile,57.689389840697324,2.027261797415089,111.50150285542531,5.598004207995191,7.00078148482116,6.00195070634205,28.375629696423204,0.8879840697324918,123.32239254583709,77.51394649834685,208.0453862338443,50.450405770964835,128.33330327622483,140.78058310790502,115.27412082957619,166.43531710249474,11.269276525398258,6.715209798617373
1,glucose-elevated high-risk profile,48.884951035907,1.999167277329958,106.6745719805476,6.141949237226035,6.997235360735461,6.076657118113383,24.230037972153752,0.8396822330291119,113.28682299646925,74.3253947105456,172.44307507827594,55.9225567916861,87.62857238025448,111.35480647525148,118.99200586236759,182.80720804743189,8.024402438211977,7.133107721004596
2,active lower-risk profile,44.01261579179533,1.98706072636377,137.05475665343332,6.254289075136009,6.9951183649463315,5.9219173650933685,24.137047493015736,0.8393503896485811,110.65937362152624,73.80541096897515,176.35500661667402,55.90007351860021,91.78611968828113,111.49692692251139,100.11083664167035,133.6090280841053,7.823048081164535,5.78868195853551
